{
  "accuracy": 0.9678714859437751,
  "precision_weighted": 0.9687712578240206,
  "recall_weighted": 0.9678714859437751,
  "f1_weighted": 0.9677689853697314,
  "precision_macro": 0.9685923357002817,
  "recall_macro": 0.9674726867335564,
  "f1_macro": 0.9674725580686652,
  "per_class_precision": [
    1.0,
    1.0,
    0.9642857142857143,
    0.9230769230769231,
    0.9565217391304348,
    0.9655172413793104,
    0.9565217391304348,
    1.0,
    1.0,
    0.92
  ],
  "per_class_recall": [
    1.0,
    0.92,
    1.0,
    1.0,
    1.0,
    1.0,
    0.9166666666666666,
    0.9615384615384616,
    0.9565217391304348,
    0.92
  ],
  "per_class_f1": [
    1.0,
    0.9583333333333334,
    0.9818181818181818,
    0.96,
    0.9777777777777777,
    0.9824561403508771,
    0.9361702127659575,
    0.9803921568627451,
    0.9777777777777777,
    0.92
  ],
  "confusion_matrix": [
    [
      25,
      0,
      0,
      0,
      0,
      0,
      0,
      0,
      0,
      0
    ],
    [
      0,
      23,
      0,
      1,
      0,
      1,
      0,
      0,
      0,
      0
    ],
    [
      0,
      0,
      27,
      0,
      0,
      0,
      0,
      0,
      0,
      0
    ],
    [
      0,
      0,
      0,
      24,
      0,
      0,
      0,
      0,
      0,
      0
    ],
    [
      0,
      0,
      0,
      0,
      22,
      0,
      0,
      0,
      0,
      0
    ],
    [
      0,
      0,
      0,
      0,
      0,
      28,
      0,
      0,
      0,
      0
    ],
    [
      0,
      0,
      0,
      0,
      0,
      0,
      22,
      0,
      0,
      2
    ],
    [
      0,
      0,
      0,
      1,
      0,
      0,
      0,
      25,
      0,
      0
    ],
    [
      0,
      0,
      0,
      0,
      0,
      0,
      1,
      0,
      22,
      0
    ],
    [
      0,
      0,
      1,
      0,
      1,
      0,
      0,
      0,
      0,
      23
    ]
  ]
}