{
  "accuracy": 0.9678714859437751,
  "precision_weighted": 0.9678274333198377,
  "recall_weighted": 0.9678714859437751,
  "f1_weighted": 0.9676176462055541,
  "precision_macro": 0.9666436824045519,
  "recall_macro": 0.9667296037296038,
  "f1_macro": 0.9664546205329329,
  "per_class_precision": [
    1.0,
    0.9615384615384616,
    0.9642857142857143,
    1.0,
    0.9090909090909091,
    1.0,
    0.9565217391304348,
    1.0,
    0.9583333333333334,
    0.9166666666666666
  ],
  "per_class_recall": [
    1.0,
    1.0,
    1.0,
    1.0,
    0.9090909090909091,
    1.0,
    0.9166666666666666,
    0.9615384615384616,
    1.0,
    0.88
  ],
  "per_class_f1": [
    1.0,
    0.9803921568627451,
    0.9818181818181818,
    1.0,
    0.9090909090909091,
    1.0,
    0.9361702127659575,
    0.9803921568627451,
    0.9787234042553191,
    0.8979591836734694
  ],
  "confusion_matrix": [
    [
      25,
      0,
      0,
      0,
      0,
      0,
      0,
      0,
      0,
      0
    ],
    [
      0,
      25,
      0,
      0,
      0,
      0,
      0,
      0,
      0,
      0
    ],
    [
      0,
      0,
      27,
      0,
      0,
      0,
      0,
      0,
      0,
      0
    ],
    [
      0,
      0,
      0,
      24,
      0,
      0,
      0,
      0,
      0,
      0
    ],
    [
      0,
      1,
      0,
      0,
      20,
      0,
      0,
      0,
      0,
      1
    ],
    [
      0,
      0,
      0,
      0,
      0,
      28,
      0,
      0,
      0,
      0
    ],
    [
      0,
      0,
      0,
      0,
      0,
      0,
      22,
      0,
      1,
      1
    ],
    [
      0,
      0,
      0,
      0,
      0,
      0,
      1,
      25,
      0,
      0
    ],
    [
      0,
      0,
      0,
      0,
      0,
      0,
      0,
      0,
      23,
      0
    ],
    [
      0,
      0,
      1,
      0,
      2,
      0,
      0,
      0,
      0,
      22
    ]
  ]
}