{
  "accuracy": 0.9437751004016064,
  "precision_weighted": 0.9496113522890497,
  "recall_weighted": 0.9437751004016064,
  "f1_weighted": 0.9445160278770692,
  "precision_macro": 0.94827997905809,
  "recall_macro": 0.943650675411545,
  "f1_macro": 0.9437705110576285,
  "per_class_precision": [
    1.0,
    0.8888888888888888,
    1.0,
    0.9565217391304348,
    1.0,
    0.9642857142857143,
    0.7931034482758621,
    1.0,
    0.88,
    1.0
  ],
  "per_class_recall": [
    1.0,
    0.96,
    1.0,
    0.9166666666666666,
    0.9545454545454546,
    0.9642857142857143,
    0.9583333333333334,
    0.8461538461538461,
    0.9565217391304348,
    0.88
  ],
  "per_class_f1": [
    1.0,
    0.9230769230769231,
    1.0,
    0.9361702127659575,
    0.9767441860465116,
    0.9642857142857143,
    0.8679245283018868,
    0.9166666666666666,
    0.9166666666666666,
    0.9361702127659575
  ],
  "confusion_matrix": [
    [
      25,
      0,
      0,
      0,
      0,
      0,
      0,
      0,
      0,
      0
    ],
    [
      0,
      24,
      0,
      0,
      0,
      1,
      0,
      0,
      0,
      0
    ],
    [
      0,
      0,
      27,
      0,
      0,
      0,
      0,
      0,
      0,
      0
    ],
    [
      0,
      2,
      0,
      22,
      0,
      0,
      0,
      0,
      0,
      0
    ],
    [
      0,
      0,
      0,
      0,
      21,
      0,
      1,
      0,
      0,
      0
    ],
    [
      0,
      1,
      0,
      0,
      0,
      27,
      0,
      0,
      0,
      0
    ],
    [
      0,
      0,
      0,
      0,
      0,
      0,
      23,
      0,
      1,
      0
    ],
    [
      0,
      0,
      0,
      1,
      0,
      0,
      2,
      22,
      1,
      0
    ],
    [
      0,
      0,
      0,
      0,
      0,
      0,
      1,
      0,
      22,
      0
    ],
    [
      0,
      0,
      0,
      0,
      0,
      0,
      2,
      0,
      1,
      22
    ]
  ]
}