{
  "map50": 0.9844862363526928,
  "map50_95": 0.8417647939536579,
  "precision": 0.9734555163146812,
  "recall": 0.9696757446601708,
  "f1": 0.0
}