{
  "accuracy": 0.9759036144578314,
  "precision_weighted": 0.9774170739335747,
  "recall_weighted": 0.9759036144578314,
  "f1_weighted": 0.9758086009605227,
  "precision_macro": 0.9766961299569996,
  "recall_macro": 0.9759615384615385,
  "f1_macro": 0.9754654976110366,
  "per_class_precision": [
    1.0,
    0.9615384615384616,
    0.9642857142857143,
    1.0,
    1.0,
    1.0,
    0.9565217391304348,
    1.0,
    0.8846153846153846,
    1.0
  ],
  "per_class_recall": [
    1.0,
    1.0,
    1.0,
    0.9583333333333334,
    1.0,
    1.0,
    0.9166666666666666,
    0.8846153846153846,
    1.0,
    1.0
  ],
  "per_class_f1": [
    1.0,
    0.9803921568627451,
    0.9818181818181818,
    0.9787234042553191,
    1.0,
    1.0,
    0.9361702127659575,
    0.9387755102040817,
    0.9387755102040817,
    1.0
  ],
  "confusion_matrix": [
    [
      25,
      0,
      0,
      0,
      0,
      0,
      0,
      0,
      0,
      0
    ],
    [
      0,
      25,
      0,
      0,
      0,
      0,
      0,
      0,
      0,
      0
    ],
    [
      0,
      0,
      27,
      0,
      0,
      0,
      0,
      0,
      0,
      0
    ],
    [
      0,
      1,
      0,
      23,
      0,
      0,
      0,
      0,
      0,
      0
    ],
    [
      0,
      0,
      0,
      0,
      22,
      0,
      0,
      0,
      0,
      0
    ],
    [
      0,
      0,
      0,
      0,
      0,
      28,
      0,
      0,
      0,
      0
    ],
    [
      0,
      0,
      1,
      0,
      0,
      0,
      22,
      0,
      1,
      0
    ],
    [
      0,
      0,
      0,
      0,
      0,
      0,
      1,
      23,
      2,
      0
    ],
    [
      0,
      0,
      0,
      0,
      0,
      0,
      0,
      0,
      23,
      0
    ],
    [
      0,
      0,
      0,
      0,
      0,
      0,
      0,
      0,
      0,
      25
    ]
  ]
}