{
  "accuracy": 0.9477911646586346,
  "precision_weighted": 0.9502960190763879,
  "recall_weighted": 0.9477911646586346,
  "f1_weighted": 0.9475190985797312,
  "precision_macro": 0.9483727147415303,
  "recall_macro": 0.9471911421911423,
  "f1_macro": 0.9462618737949555,
  "per_class_precision": [
    0.96,
    0.9230769230769231,
    0.9642857142857143,
    0.9583333333333334,
    0.8695652173913043,
    0.9655172413793104,
    0.9583333333333334,
    1.0,
    0.8846153846153846,
    1.0
  ],
  "per_class_recall": [
    0.96,
    0.96,
    1.0,
    0.9583333333333334,
    0.9090909090909091,
    1.0,
    0.9583333333333334,
    0.8461538461538461,
    1.0,
    0.88
  ],
  "per_class_f1": [
    0.96,
    0.9411764705882353,
    0.9818181818181818,
    0.9583333333333334,
    0.8888888888888888,
    0.9824561403508771,
    0.9583333333333334,
    0.9166666666666666,
    0.9387755102040817,
    0.9361702127659575
  ],
  "confusion_matrix": [
    [
      24,
      0,
      0,
      0,
      1,
      0,
      0,
      0,
      0,
      0
    ],
    [
      0,
      24,
      0,
      0,
      0,
      1,
      0,
      0,
      0,
      0
    ],
    [
      0,
      0,
      27,
      0,
      0,
      0,
      0,
      0,
      0,
      0
    ],
    [
      0,
      1,
      0,
      23,
      0,
      0,
      0,
      0,
      0,
      0
    ],
    [
      1,
      1,
      0,
      0,
      20,
      0,
      0,
      0,
      0,
      0
    ],
    [
      0,
      0,
      0,
      0,
      0,
      28,
      0,
      0,
      0,
      0
    ],
    [
      0,
      0,
      0,
      0,
      0,
      0,
      23,
      0,
      1,
      0
    ],
    [
      0,
      0,
      0,
      1,
      0,
      0,
      1,
      22,
      2,
      0
    ],
    [
      0,
      0,
      0,
      0,
      0,
      0,
      0,
      0,
      23,
      0
    ],
    [
      0,
      0,
      1,
      0,
      2,
      0,
      0,
      0,
      0,
      22
    ]
  ]
}