{
  "accuracy": 0.9678714859437751,
  "precision_weighted": 0.9693709904553277,
  "recall_weighted": 0.9678714859437751,
  "f1_weighted": 0.968046730193224,
  "precision_macro": 0.9694805194805195,
  "recall_macro": 0.967536963036963,
  "f1_macro": 0.967933719986615,
  "per_class_precision": [
    1.0,
    1.0,
    0.9642857142857143,
    1.0,
    0.9545454545454546,
    0.9642857142857143,
    0.9545454545454546,
    1.0,
    1.0,
    0.8571428571428571
  ],
  "per_class_recall": [
    1.0,
    0.96,
    1.0,
    1.0,
    0.9545454545454546,
    0.9642857142857143,
    0.875,
    0.9615384615384616,
    1.0,
    0.96
  ],
  "per_class_f1": [
    1.0,
    0.9795918367346939,
    0.9818181818181818,
    1.0,
    0.9545454545454546,
    0.9642857142857143,
    0.9130434782608695,
    0.9803921568627451,
    1.0,
    0.9056603773584906
  ],
  "confusion_matrix": [
    [
      25,
      0,
      0,
      0,
      0,
      0,
      0,
      0,
      0,
      0
    ],
    [
      0,
      24,
      0,
      0,
      0,
      1,
      0,
      0,
      0,
      0
    ],
    [
      0,
      0,
      27,
      0,
      0,
      0,
      0,
      0,
      0,
      0
    ],
    [
      0,
      0,
      0,
      24,
      0,
      0,
      0,
      0,
      0,
      0
    ],
    [
      0,
      0,
      0,
      0,
      21,
      0,
      0,
      0,
      0,
      1
    ],
    [
      0,
      0,
      1,
      0,
      0,
      27,
      0,
      0,
      0,
      0
    ],
    [
      0,
      0,
      0,
      0,
      0,
      0,
      21,
      0,
      0,
      3
    ],
    [
      0,
      0,
      0,
      0,
      0,
      0,
      1,
      25,
      0,
      0
    ],
    [
      0,
      0,
      0,
      0,
      0,
      0,
      0,
      0,
      23,
      0
    ],
    [
      0,
      0,
      0,
      0,
      1,
      0,
      0,
      0,
      0,
      24
    ]
  ]
}