{
  "accuracy": 0.9477911646586346,
  "precision_weighted": 0.9493540647958318,
  "recall_weighted": 0.9477911646586346,
  "f1_weighted": 0.9476292987391445,
  "precision_macro": 0.94948445998446,
  "recall_macro": 0.9464985867594564,
  "f1_macro": 0.9470340800284912,
  "per_class_precision": [
    0.9259259259259259,
    0.9583333333333334,
    0.9629629629629629,
    0.92,
    1.0,
    0.9333333333333333,
    0.9545454545454546,
    1.0,
    0.9166666666666666,
    0.9230769230769231
  ],
  "per_class_recall": [
    1.0,
    0.92,
    0.9629629629629629,
    0.9583333333333334,
    0.9090909090909091,
    1.0,
    0.875,
    0.9230769230769231,
    0.9565217391304348,
    0.96
  ],
  "per_class_f1": [
    0.9615384615384616,
    0.9387755102040817,
    0.9629629629629629,
    0.9387755102040817,
    0.9523809523809523,
    0.9655172413793104,
    0.9130434782608695,
    0.96,
    0.9361702127659575,
    0.9411764705882353
  ],
  "confusion_matrix": [
    [
      25,
      0,
      0,
      0,
      0,
      0,
      0,
      0,
      0,
      0
    ],
    [
      0,
      23,
      0,
      1,
      0,
      1,
      0,
      0,
      0,
      0
    ],
    [
      1,
      0,
      26,
      0,
      0,
      0,
      0,
      0,
      0,
      0
    ],
    [
      0,
      0,
      0,
      23,
      0,
      1,
      0,
      0,
      0,
      0
    ],
    [
      1,
      1,
      0,
      0,
      20,
      0,
      0,
      0,
      0,
      0
    ],
    [
      0,
      0,
      0,
      0,
      0,
      28,
      0,
      0,
      0,
      0
    ],
    [
      0,
      0,
      0,
      0,
      0,
      0,
      21,
      0,
      1,
      2
    ],
    [
      0,
      0,
      0,
      1,
      0,
      0,
      0,
      24,
      1,
      0
    ],
    [
      0,
      0,
      0,
      0,
      0,
      0,
      1,
      0,
      22,
      0
    ],
    [
      0,
      0,
      1,
      0,
      0,
      0,
      0,
      0,
      0,
      24
    ]
  ]
}