{
  "accuracy": 0.9156626506024096,
  "precision_weighted": 0.9192669707337072,
  "recall_weighted": 0.9156626506024096,
  "f1_weighted": 0.9158098442286892,
  "precision_macro": 0.9171336111553503,
  "recall_macro": 0.9154341511950207,
  "f1_macro": 0.9146506893512335,
  "per_class_precision": [
    1.0,
    0.8846153846153846,
    0.9629629629629629,
    0.9130434782608695,
    0.875,
    0.9642857142857143,
    0.8333333333333334,
    1.0,
    0.9166666666666666,
    0.8214285714285714
  ],
  "per_class_recall": [
    0.96,
    0.92,
    0.9629629629629629,
    0.875,
    0.9545454545454546,
    0.9642857142857143,
    0.8333333333333334,
    0.8076923076923077,
    0.9565217391304348,
    0.92
  ],
  "per_class_f1": [
    0.9795918367346939,
    0.9019607843137255,
    0.9629629629629629,
    0.8936170212765957,
    0.9130434782608695,
    0.9642857142857143,
    0.8333333333333334,
    0.8936170212765957,
    0.9361702127659575,
    0.8679245283018868
  ],
  "confusion_matrix": [
    [
      24,
      0,
      0,
      0,
      1,
      0,
      0,
      0,
      0,
      0
    ],
    [
      0,
      23,
      0,
      1,
      0,
      1,
      0,
      0,
      0,
      0
    ],
    [
      0,
      0,
      26,
      0,
      0,
      0,
      0,
      0,
      0,
      1
    ],
    [
      0,
      2,
      0,
      21,
      0,
      0,
      0,
      0,
      1,
      0
    ],
    [
      0,
      0,
      0,
      0,
      21,
      0,
      0,
      0,
      0,
      1
    ],
    [
      0,
      1,
      0,
      0,
      0,
      27,
      0,
      0,
      0,
      0
    ],
    [
      0,
      0,
      0,
      0,
      0,
      0,
      20,
      0,
      1,
      3
    ],
    [
      0,
      0,
      0,
      1,
      0,
      0,
      4,
      21,
      0,
      0
    ],
    [
      0,
      0,
      1,
      0,
      0,
      0,
      0,
      0,
      22,
      0
    ],
    [
      0,
      0,
      0,
      0,
      2,
      0,
      0,
      0,
      0,
      23
    ]
  ]
}