{
  "accuracy": 0.9518072289156626,
  "precision_weighted": 0.9551019224881089,
  "recall_weighted": 0.9518072289156626,
  "f1_weighted": 0.9518761433804753,
  "precision_macro": 0.9549408073740906,
  "recall_macro": 0.9507039627039626,
  "f1_macro": 0.9512129631016016,
  "per_class_precision": [
    1.0,
    0.96,
    0.9310344827586207,
    0.9166666666666666,
    1.0,
    0.9333333333333333,
    0.9565217391304348,
    1.0,
    0.8518518518518519,
    1.0
  ],
  "per_class_recall": [
    1.0,
    0.96,
    1.0,
    0.9166666666666666,
    0.9090909090909091,
    1.0,
    0.9166666666666666,
    0.8846153846153846,
    1.0,
    0.92
  ],
  "per_class_f1": [
    1.0,
    0.96,
    0.9642857142857143,
    0.9166666666666666,
    0.9523809523809523,
    0.9655172413793104,
    0.9361702127659575,
    0.9387755102040817,
    0.92,
    0.9583333333333334
  ],
  "confusion_matrix": [
    [
      25,
      0,
      0,
      0,
      0,
      0,
      0,
      0,
      0,
      0
    ],
    [
      0,
      24,
      0,
      0,
      0,
      1,
      0,
      0,
      0,
      0
    ],
    [
      0,
      0,
      27,
      0,
      0,
      0,
      0,
      0,
      0,
      0
    ],
    [
      0,
      1,
      0,
      22,
      0,
      0,
      0,
      0,
      1,
      0
    ],
    [
      0,
      0,
      0,
      0,
      20,
      1,
      1,
      0,
      0,
      0
    ],
    [
      0,
      0,
      0,
      0,
      0,
      28,
      0,
      0,
      0,
      0
    ],
    [
      0,
      0,
      1,
      0,
      0,
      0,
      22,
      0,
      1,
      0
    ],
    [
      0,
      0,
      0,
      2,
      0,
      0,
      0,
      23,
      1,
      0
    ],
    [
      0,
      0,
      0,
      0,
      0,
      0,
      0,
      0,
      23,
      0
    ],
    [
      0,
      0,
      1,
      0,
      0,
      0,
      0,
      0,
      1,
      23
    ]
  ]
}