{
  "accuracy": 0.9317269076305221,
  "precision_weighted": 0.9357451895826995,
  "recall_weighted": 0.9317269076305221,
  "f1_weighted": 0.9320650927963128,
  "precision_macro": 0.9366052834496033,
  "recall_macro": 0.9296197988806686,
  "f1_macro": 0.9314493726305317,
  "per_class_precision": [
    1.0,
    0.9166666666666666,
    0.9285714285714286,
    0.9130434782608695,
    0.95,
    0.9032258064516129,
    0.9545454545454546,
    1.0,
    1.0,
    0.8
  ],
  "per_class_recall": [
    1.0,
    0.88,
    0.9629629629629629,
    0.875,
    0.8636363636363636,
    1.0,
    0.875,
    0.9230769230769231,
    0.9565217391304348,
    0.96
  ],
  "per_class_f1": [
    1.0,
    0.8979591836734694,
    0.9454545454545454,
    0.8936170212765957,
    0.9047619047619048,
    0.9491525423728814,
    0.9130434782608695,
    0.96,
    0.9777777777777777,
    0.8727272727272727
  ],
  "confusion_matrix": [
    [
      25,
      0,
      0,
      0,
      0,
      0,
      0,
      0,
      0,
      0
    ],
    [
      0,
      22,
      0,
      1,
      0,
      1,
      0,
      0,
      0,
      1
    ],
    [
      0,
      0,
      26,
      0,
      0,
      0,
      0,
      0,
      0,
      1
    ],
    [
      0,
      2,
      0,
      21,
      0,
      1,
      0,
      0,
      0,
      0
    ],
    [
      0,
      0,
      2,
      0,
      19,
      0,
      0,
      0,
      0,
      1
    ],
    [
      0,
      0,
      0,
      0,
      0,
      28,
      0,
      0,
      0,
      0
    ],
    [
      0,
      0,
      0,
      0,
      0,
      0,
      21,
      0,
      0,
      3
    ],
    [
      0,
      0,
      0,
      1,
      0,
      1,
      0,
      24,
      0,
      0
    ],
    [
      0,
      0,
      0,
      0,
      0,
      0,
      1,
      0,
      22,
      0
    ],
    [
      0,
      0,
      0,
      0,
      1,
      0,
      0,
      0,
      0,
      24
    ]
  ]
}