{
  "accuracy": 0.963855421686747,
  "precision_weighted": 0.9659211203789517,
  "recall_weighted": 0.963855421686747,
  "f1_weighted": 0.9640015705315413,
  "precision_macro": 0.9642820512820511,
  "recall_macro": 0.963432552954292,
  "f1_macro": 0.9629434540614665,
  "per_class_precision": [
    1.0,
    1.0,
    1.0,
    0.96,
    0.9166666666666666,
    1.0,
    0.8461538461538461,
    1.0,
    1.0,
    0.92
  ],
  "per_class_recall": [
    1.0,
    1.0,
    1.0,
    1.0,
    1.0,
    1.0,
    0.9166666666666666,
    0.8846153846153846,
    0.9130434782608695,
    0.92
  ],
  "per_class_f1": [
    1.0,
    1.0,
    1.0,
    0.9795918367346939,
    0.9565217391304348,
    1.0,
    0.88,
    0.9387755102040817,
    0.9545454545454546,
    0.92
  ],
  "confusion_matrix": [
    [
      25,
      0,
      0,
      0,
      0,
      0,
      0,
      0,
      0,
      0
    ],
    [
      0,
      25,
      0,
      0,
      0,
      0,
      0,
      0,
      0,
      0
    ],
    [
      0,
      0,
      27,
      0,
      0,
      0,
      0,
      0,
      0,
      0
    ],
    [
      0,
      0,
      0,
      24,
      0,
      0,
      0,
      0,
      0,
      0
    ],
    [
      0,
      0,
      0,
      0,
      22,
      0,
      0,
      0,
      0,
      0
    ],
    [
      0,
      0,
      0,
      0,
      0,
      28,
      0,
      0,
      0,
      0
    ],
    [
      0,
      0,
      0,
      0,
      0,
      0,
      22,
      0,
      0,
      2
    ],
    [
      0,
      0,
      0,
      1,
      0,
      0,
      2,
      23,
      0,
      0
    ],
    [
      0,
      0,
      0,
      0,
      0,
      0,
      2,
      0,
      21,
      0
    ],
    [
      0,
      0,
      0,
      0,
      2,
      0,
      0,
      0,
      0,
      23
    ]
  ]
}