{
  "accuracy": 0.963855421686747,
  "precision_weighted": 0.9658280202029413,
  "recall_weighted": 0.963855421686747,
  "f1_weighted": 0.9639323366757908,
  "precision_macro": 0.9660306751386212,
  "recall_macro": 0.9625501165501167,
  "f1_macro": 0.9633650667755761,
  "per_class_precision": [
    1.0,
    0.8888888888888888,
    1.0,
    0.9565217391304348,
    1.0,
    0.9655172413793104,
    0.9565217391304348,
    1.0,
    1.0,
    0.8928571428571429
  ],
  "per_class_recall": [
    1.0,
    0.96,
    1.0,
    0.9166666666666666,
    0.9090909090909091,
    1.0,
    0.9166666666666666,
    0.9230769230769231,
    1.0,
    1.0
  ],
  "per_class_f1": [
    1.0,
    0.9230769230769231,
    1.0,
    0.9361702127659575,
    0.9523809523809523,
    0.9824561403508771,
    0.9361702127659575,
    0.96,
    1.0,
    0.9433962264150944
  ],
  "confusion_matrix": [
    [
      25,
      0,
      0,
      0,
      0,
      0,
      0,
      0,
      0,
      0
    ],
    [
      0,
      24,
      0,
      0,
      0,
      1,
      0,
      0,
      0,
      0
    ],
    [
      0,
      0,
      27,
      0,
      0,
      0,
      0,
      0,
      0,
      0
    ],
    [
      0,
      2,
      0,
      22,
      0,
      0,
      0,
      0,
      0,
      0
    ],
    [
      0,
      1,
      0,
      0,
      20,
      0,
      0,
      0,
      0,
      1
    ],
    [
      0,
      0,
      0,
      0,
      0,
      28,
      0,
      0,
      0,
      0
    ],
    [
      0,
      0,
      0,
      0,
      0,
      0,
      22,
      0,
      0,
      2
    ],
    [
      0,
      0,
      0,
      1,
      0,
      0,
      1,
      24,
      0,
      0
    ],
    [
      0,
      0,
      0,
      0,
      0,
      0,
      0,
      0,
      23,
      0
    ],
    [
      0,
      0,
      0,
      0,
      0,
      0,
      0,
      0,
      0,
      25
    ]
  ]
}