{
  "accuracy": 0.9759036144578314,
  "precision_weighted": 0.9766851845933691,
  "recall_weighted": 0.9759036144578314,
  "f1_weighted": 0.9759043708846051,
  "precision_macro": 0.9763722369584439,
  "recall_macro": 0.9762706552706553,
  "f1_macro": 0.9759404457212748,
  "per_class_precision": [
    1.0,
    1.0,
    1.0,
    0.92,
    1.0,
    0.9655172413793104,
    0.9583333333333334,
    1.0,
    0.9583333333333334,
    0.9615384615384616
  ],
  "per_class_recall": [
    1.0,
    0.96,
    0.9629629629629629,
    0.9583333333333334,
    1.0,
    1.0,
    0.9583333333333334,
    0.9230769230769231,
    1.0,
    1.0
  ],
  "per_class_f1": [
    1.0,
    0.9795918367346939,
    0.9811320754716981,
    0.9387755102040817,
    1.0,
    0.9824561403508771,
    0.9583333333333334,
    0.96,
    0.9787234042553191,
    0.9803921568627451
  ],
  "confusion_matrix": [
    [
      25,
      0,
      0,
      0,
      0,
      0,
      0,
      0,
      0,
      0
    ],
    [
      0,
      24,
      0,
      1,
      0,
      0,
      0,
      0,
      0,
      0
    ],
    [
      0,
      0,
      26,
      0,
      0,
      0,
      0,
      0,
      0,
      1
    ],
    [
      0,
      0,
      0,
      23,
      0,
      1,
      0,
      0,
      0,
      0
    ],
    [
      0,
      0,
      0,
      0,
      22,
      0,
      0,
      0,
      0,
      0
    ],
    [
      0,
      0,
      0,
      0,
      0,
      28,
      0,
      0,
      0,
      0
    ],
    [
      0,
      0,
      0,
      0,
      0,
      0,
      23,
      0,
      1,
      0
    ],
    [
      0,
      0,
      0,
      1,
      0,
      0,
      1,
      24,
      0,
      0
    ],
    [
      0,
      0,
      0,
      0,
      0,
      0,
      0,
      0,
      23,
      0
    ],
    [
      0,
      0,
      0,
      0,
      0,
      0,
      0,
      0,
      0,
      25
    ]
  ]
}