{
  "accuracy": 0.9558232931726908,
  "precision_weighted": 0.9572247181056632,
  "recall_weighted": 0.9558232931726908,
  "f1_weighted": 0.9558691077387579,
  "precision_macro": 0.9571562790033553,
  "recall_macro": 0.9555894958503656,
  "f1_macro": 0.9557231207610485,
  "per_class_precision": [
    1.0,
    0.9565217391304348,
    1.0,
    0.88,
    1.0,
    0.9655172413793104,
    0.9166666666666666,
    0.96,
    1.0,
    0.8928571428571429
  ],
  "per_class_recall": [
    1.0,
    0.88,
    0.9629629629629629,
    0.9166666666666666,
    1.0,
    1.0,
    0.9166666666666666,
    0.9230769230769231,
    0.9565217391304348,
    1.0
  ],
  "per_class_f1": [
    1.0,
    0.9166666666666666,
    0.9811320754716981,
    0.8979591836734694,
    1.0,
    0.9824561403508771,
    0.9166666666666666,
    0.9411764705882353,
    0.9777777777777777,
    0.9433962264150944
  ],
  "confusion_matrix": [
    [
      25,
      0,
      0,
      0,
      0,
      0,
      0,
      0,
      0,
      0
    ],
    [
      0,
      22,
      0,
      2,
      0,
      1,
      0,
      0,
      0,
      0
    ],
    [
      0,
      0,
      26,
      0,
      0,
      0,
      0,
      0,
      0,
      1
    ],
    [
      0,
      1,
      0,
      22,
      0,
      0,
      0,
      1,
      0,
      0
    ],
    [
      0,
      0,
      0,
      0,
      22,
      0,
      0,
      0,
      0,
      0
    ],
    [
      0,
      0,
      0,
      0,
      0,
      28,
      0,
      0,
      0,
      0
    ],
    [
      0,
      0,
      0,
      0,
      0,
      0,
      22,
      0,
      0,
      2
    ],
    [
      0,
      0,
      0,
      1,
      0,
      0,
      1,
      24,
      0,
      0
    ],
    [
      0,
      0,
      0,
      0,
      0,
      0,
      1,
      0,
      22,
      0
    ],
    [
      0,
      0,
      0,
      0,
      0,
      0,
      0,
      0,
      0,
      25
    ]
  ]
}