{
  "accuracy": 0.9799196787148594,
  "precision_weighted": 0.9807121462438383,
  "recall_weighted": 0.9799196787148594,
  "f1_weighted": 0.9799999678586293,
  "precision_macro": 0.9797931995540694,
  "recall_macro": 0.9796393534002231,
  "f1_macro": 0.9793872882486326,
  "per_class_precision": [
    1.0,
    1.0,
    1.0,
    0.9230769230769231,
    0.9565217391304348,
    1.0,
    0.9583333333333334,
    1.0,
    1.0,
    0.96
  ],
  "per_class_recall": [
    1.0,
    0.96,
    1.0,
    1.0,
    1.0,
    1.0,
    0.9583333333333334,
    0.9615384615384616,
    0.9565217391304348,
    0.96
  ],
  "per_class_f1": [
    1.0,
    0.9795918367346939,
    1.0,
    0.96,
    0.9777777777777777,
    1.0,
    0.9583333333333334,
    0.9803921568627451,
    0.9777777777777777,
    0.96
  ],
  "confusion_matrix": [
    [
      25,
      0,
      0,
      0,
      0,
      0,
      0,
      0,
      0,
      0
    ],
    [
      0,
      24,
      0,
      1,
      0,
      0,
      0,
      0,
      0,
      0
    ],
    [
      0,
      0,
      27,
      0,
      0,
      0,
      0,
      0,
      0,
      0
    ],
    [
      0,
      0,
      0,
      24,
      0,
      0,
      0,
      0,
      0,
      0
    ],
    [
      0,
      0,
      0,
      0,
      22,
      0,
      0,
      0,
      0,
      0
    ],
    [
      0,
      0,
      0,
      0,
      0,
      28,
      0,
      0,
      0,
      0
    ],
    [
      0,
      0,
      0,
      0,
      0,
      0,
      23,
      0,
      0,
      1
    ],
    [
      0,
      0,
      0,
      1,
      0,
      0,
      0,
      25,
      0,
      0
    ],
    [
      0,
      0,
      0,
      0,
      0,
      0,
      1,
      0,
      22,
      0
    ],
    [
      0,
      0,
      0,
      0,
      1,
      0,
      0,
      0,
      0,
      24
    ]
  ]
}