{
  "accuracy": 0.9357429718875502,
  "precision_weighted": 0.9390933207800677,
  "recall_weighted": 0.9357429718875502,
  "f1_weighted": 0.9353399842241303,
  "precision_macro": 0.937991785991786,
  "recall_macro": 0.9350571095571094,
  "f1_macro": 0.9344747169823435,
  "per_class_precision": [
    1.0,
    0.9230769230769231,
    1.0,
    0.9523809523809523,
    0.9545454545454546,
    0.9333333333333333,
    0.8076923076923077,
    1.0,
    0.92,
    0.8888888888888888
  ],
  "per_class_recall": [
    0.96,
    0.96,
    1.0,
    0.8333333333333334,
    0.9545454545454546,
    1.0,
    0.875,
    0.8076923076923077,
    1.0,
    0.96
  ],
  "per_class_f1": [
    0.9795918367346939,
    0.9411764705882353,
    1.0,
    0.8888888888888888,
    0.9545454545454546,
    0.9655172413793104,
    0.84,
    0.8936170212765957,
    0.9583333333333334,
    0.9230769230769231
  ],
  "confusion_matrix": [
    [
      24,
      0,
      0,
      0,
      1,
      0,
      0,
      0,
      0,
      0
    ],
    [
      0,
      24,
      0,
      0,
      0,
      1,
      0,
      0,
      0,
      0
    ],
    [
      0,
      0,
      27,
      0,
      0,
      0,
      0,
      0,
      0,
      0
    ],
    [
      0,
      2,
      0,
      20,
      0,
      1,
      0,
      0,
      1,
      0
    ],
    [
      0,
      0,
      0,
      0,
      21,
      0,
      1,
      0,
      0,
      0
    ],
    [
      0,
      0,
      0,
      0,
      0,
      28,
      0,
      0,
      0,
      0
    ],
    [
      0,
      0,
      0,
      0,
      0,
      0,
      21,
      0,
      0,
      3
    ],
    [
      0,
      0,
      0,
      1,
      0,
      0,
      3,
      21,
      1,
      0
    ],
    [
      0,
      0,
      0,
      0,
      0,
      0,
      0,
      0,
      23,
      0
    ],
    [
      0,
      0,
      0,
      0,
      0,
      0,
      1,
      0,
      0,
      24
    ]
  ]
}