{
  "accuracy": 0.9598393574297188,
  "precision_weighted": 0.960992688703532,
  "recall_weighted": 0.9598393574297188,
  "f1_weighted": 0.9597238225243717,
  "precision_macro": 0.9607385730211819,
  "recall_macro": 0.9599100086708784,
  "f1_macro": 0.9596580831239064,
  "per_class_precision": [
    1.0,
    0.9230769230769231,
    1.0,
    0.9565217391304348,
    0.9565217391304348,
    0.9333333333333333,
    0.9583333333333334,
    1.0,
    0.9565217391304348,
    0.9230769230769231
  ],
  "per_class_recall": [
    1.0,
    0.96,
    0.9629629629629629,
    0.9166666666666666,
    1.0,
    1.0,
    0.9583333333333334,
    0.8846153846153846,
    0.9565217391304348,
    0.96
  ],
  "per_class_f1": [
    1.0,
    0.9411764705882353,
    0.9811320754716981,
    0.9361702127659575,
    0.9777777777777777,
    0.9655172413793104,
    0.9583333333333334,
    0.9387755102040817,
    0.9565217391304348,
    0.9411764705882353
  ],
  "confusion_matrix": [
    [
      25,
      0,
      0,
      0,
      0,
      0,
      0,
      0,
      0,
      0
    ],
    [
      0,
      24,
      0,
      0,
      0,
      1,
      0,
      0,
      0,
      0
    ],
    [
      0,
      0,
      26,
      0,
      0,
      0,
      0,
      0,
      0,
      1
    ],
    [
      0,
      2,
      0,
      22,
      0,
      0,
      0,
      0,
      0,
      0
    ],
    [
      0,
      0,
      0,
      0,
      22,
      0,
      0,
      0,
      0,
      0
    ],
    [
      0,
      0,
      0,
      0,
      0,
      28,
      0,
      0,
      0,
      0
    ],
    [
      0,
      0,
      0,
      0,
      0,
      0,
      23,
      0,
      0,
      1
    ],
    [
      0,
      0,
      0,
      1,
      0,
      1,
      0,
      23,
      1,
      0
    ],
    [
      0,
      0,
      0,
      0,
      0,
      0,
      1,
      0,
      22,
      0
    ],
    [
      0,
      0,
      0,
      0,
      1,
      0,
      0,
      0,
      0,
      24
    ]
  ]
}