{
  "map50": 0.9883578474237368,
  "map50_95": 0.8660177948970147,
  "precision": 0.9795352357499445,
  "recall": 0.9746619532351666,
  "f1": 0.0
}