{
  "accuracy": 0.9598393574297188,
  "precision_weighted": 0.9621579251056682,
  "recall_weighted": 0.9598393574297188,
  "f1_weighted": 0.959987472736104,
  "precision_macro": 0.9625993302050274,
  "recall_macro": 0.9585551895769286,
  "f1_macro": 0.959574345742667,
  "per_class_precision": [
    1.0,
    0.96,
    1.0,
    1.0,
    1.0,
    0.9655172413793104,
    0.9565217391304348,
    0.896551724137931,
    0.9545454545454546,
    0.8928571428571429
  ],
  "per_class_recall": [
    0.92,
    0.96,
    0.9629629629629629,
    0.9583333333333334,
    0.9545454545454546,
    1.0,
    0.9166666666666666,
    1.0,
    0.9130434782608695,
    1.0
  ],
  "per_class_f1": [
    0.9583333333333334,
    0.96,
    0.9811320754716981,
    0.9787234042553191,
    0.9767441860465116,
    0.9824561403508771,
    0.9361702127659575,
    0.9454545454545454,
    0.9333333333333333,
    0.9433962264150944
  ],
  "confusion_matrix": [
    [
      23,
      0,
      0,
      0,
      0,
      0,
      0,
      1,
      0,
      1
    ],
    [
      0,
      24,
      0,
      0,
      0,
      1,
      0,
      0,
      0,
      0
    ],
    [
      0,
      0,
      26,
      0,
      0,
      0,
      0,
      1,
      0,
      0
    ],
    [
      0,
      1,
      0,
      23,
      0,
      0,
      0,
      0,
      0,
      0
    ],
    [
      0,
      0,
      0,
      0,
      21,
      0,
      0,
      0,
      0,
      1
    ],
    [
      0,
      0,
      0,
      0,
      0,
      28,
      0,
      0,
      0,
      0
    ],
    [
      0,
      0,
      0,
      0,
      0,
      0,
      22,
      0,
      1,
      1
    ],
    [
      0,
      0,
      0,
      0,
      0,
      0,
      0,
      26,
      0,
      0
    ],
    [
      0,
      0,
      0,
      0,
      0,
      0,
      1,
      1,
      21,
      0
    ],
    [
      0,
      0,
      0,
      0,
      0,
      0,
      0,
      0,
      0,
      25
    ]
  ]
}