{
  "accuracy": 0.9437751004016064,
  "precision_weighted": 0.9456094264335927,
  "recall_weighted": 0.9437751004016064,
  "f1_weighted": 0.9439489987486397,
  "precision_macro": 0.9446804274630362,
  "recall_macro": 0.942522803283673,
  "f1_macro": 0.9428859940704566,
  "per_class_precision": [
    1.0,
    0.96,
    1.0,
    0.96,
    0.9090909090909091,
    0.9333333333333333,
    0.9130434782608695,
    1.0,
    0.9565217391304348,
    0.8148148148148148
  ],
  "per_class_recall": [
    0.96,
    0.96,
    1.0,
    1.0,
    0.9090909090909091,
    1.0,
    0.875,
    0.8846153846153846,
    0.9565217391304348,
    0.88
  ],
  "per_class_f1": [
    0.9795918367346939,
    0.96,
    1.0,
    0.9795918367346939,
    0.9090909090909091,
    0.9655172413793104,
    0.8936170212765957,
    0.9387755102040817,
    0.9565217391304348,
    0.8461538461538461
  ],
  "confusion_matrix": [
    [
      24,
      0,
      0,
      0,
      0,
      0,
      0,
      0,
      0,
      1
    ],
    [
      0,
      24,
      0,
      0,
      0,
      1,
      0,
      0,
      0,
      0
    ],
    [
      0,
      0,
      27,
      0,
      0,
      0,
      0,
      0,
      0,
      0
    ],
    [
      0,
      0,
      0,
      24,
      0,
      0,
      0,
      0,
      0,
      0
    ],
    [
      0,
      1,
      0,
      0,
      20,
      0,
      0,
      0,
      0,
      1
    ],
    [
      0,
      0,
      0,
      0,
      0,
      28,
      0,
      0,
      0,
      0
    ],
    [
      0,
      0,
      0,
      0,
      0,
      0,
      21,
      0,
      0,
      3
    ],
    [
      0,
      0,
      0,
      1,
      0,
      1,
      1,
      23,
      0,
      0
    ],
    [
      0,
      0,
      0,
      0,
      0,
      0,
      1,
      0,
      22,
      0
    ],
    [
      0,
      0,
      0,
      0,
      2,
      0,
      0,
      0,
      1,
      22
    ]
  ]
}