{
  "accuracy": 0.9558232931726908,
  "precision_weighted": 0.9589175956257184,
  "recall_weighted": 0.9558232931726908,
  "f1_weighted": 0.9559312141230575,
  "precision_macro": 0.9590430566265068,
  "recall_macro": 0.9545938988547686,
  "f1_macro": 0.9553894405142713,
  "per_class_precision": [
    1.0,
    0.96,
    0.9642857142857143,
    1.0,
    0.9545454545454546,
    0.9032258064516129,
    0.8518518518518519,
    1.0,
    0.9565217391304348,
    1.0
  ],
  "per_class_recall": [
    1.0,
    0.96,
    1.0,
    0.875,
    0.9545454545454546,
    1.0,
    0.9583333333333334,
    0.9615384615384616,
    0.9565217391304348,
    0.88
  ],
  "per_class_f1": [
    1.0,
    0.96,
    0.9818181818181818,
    0.9333333333333333,
    0.9545454545454546,
    0.9491525423728814,
    0.9019607843137255,
    0.9803921568627451,
    0.9565217391304348,
    0.9361702127659575
  ],
  "confusion_matrix": [
    [
      25,
      0,
      0,
      0,
      0,
      0,
      0,
      0,
      0,
      0
    ],
    [
      0,
      24,
      0,
      0,
      0,
      1,
      0,
      0,
      0,
      0
    ],
    [
      0,
      0,
      27,
      0,
      0,
      0,
      0,
      0,
      0,
      0
    ],
    [
      0,
      1,
      0,
      21,
      0,
      2,
      0,
      0,
      0,
      0
    ],
    [
      0,
      0,
      0,
      0,
      21,
      0,
      1,
      0,
      0,
      0
    ],
    [
      0,
      0,
      0,
      0,
      0,
      28,
      0,
      0,
      0,
      0
    ],
    [
      0,
      0,
      0,
      0,
      0,
      0,
      23,
      0,
      1,
      0
    ],
    [
      0,
      0,
      0,
      0,
      0,
      0,
      1,
      25,
      0,
      0
    ],
    [
      0,
      0,
      0,
      0,
      0,
      0,
      1,
      0,
      22,
      0
    ],
    [
      0,
      0,
      1,
      0,
      1,
      0,
      1,
      0,
      0,
      22
    ]
  ]
}