{
  "accuracy": 0.9518072289156626,
  "precision_weighted": 0.9538006059858989,
  "recall_weighted": 0.9518072289156626,
  "f1_weighted": 0.9516337687435613,
  "precision_macro": 0.9520650224338381,
  "recall_macro": 0.9514160839160839,
  "f1_macro": 0.9505600852781303,
  "per_class_precision": [
    1.0,
    1.0,
    0.9642857142857143,
    0.92,
    0.9130434782608695,
    0.9655172413793104,
    0.9166666666666666,
    1.0,
    0.8846153846153846,
    0.9565217391304348
  ],
  "per_class_recall": [
    1.0,
    0.92,
    1.0,
    0.9583333333333334,
    0.9545454545454546,
    1.0,
    0.9166666666666666,
    0.8846153846153846,
    1.0,
    0.88
  ],
  "per_class_f1": [
    1.0,
    0.9583333333333334,
    0.9818181818181818,
    0.9387755102040817,
    0.9333333333333333,
    0.9824561403508771,
    0.9166666666666666,
    0.9387755102040817,
    0.9387755102040817,
    0.9166666666666666
  ],
  "confusion_matrix": [
    [
      25,
      0,
      0,
      0,
      0,
      0,
      0,
      0,
      0,
      0
    ],
    [
      0,
      23,
      0,
      1,
      0,
      1,
      0,
      0,
      0,
      0
    ],
    [
      0,
      0,
      27,
      0,
      0,
      0,
      0,
      0,
      0,
      0
    ],
    [
      0,
      0,
      0,
      23,
      0,
      0,
      0,
      0,
      1,
      0
    ],
    [
      0,
      0,
      0,
      0,
      21,
      0,
      1,
      0,
      0,
      0
    ],
    [
      0,
      0,
      0,
      0,
      0,
      28,
      0,
      0,
      0,
      0
    ],
    [
      0,
      0,
      0,
      0,
      0,
      0,
      22,
      0,
      1,
      1
    ],
    [
      0,
      0,
      0,
      1,
      0,
      0,
      1,
      23,
      1,
      0
    ],
    [
      0,
      0,
      0,
      0,
      0,
      0,
      0,
      0,
      23,
      0
    ],
    [
      0,
      0,
      1,
      0,
      2,
      0,
      0,
      0,
      0,
      22
    ]
  ]
}