{
  "accuracy": 0.9759036144578314,
  "precision_weighted": 0.9771521985377407,
  "recall_weighted": 0.9759036144578314,
  "f1_weighted": 0.976072179428828,
  "precision_macro": 0.9759032634032634,
  "recall_macro": 0.9760343175343177,
  "f1_macro": 0.975518347079942,
  "per_class_precision": [
    1.0,
    0.9615384615384616,
    1.0,
    1.0,
    0.9545454545454546,
    1.0,
    0.8846153846153846,
    1.0,
    0.9583333333333334,
    1.0
  ],
  "per_class_recall": [
    1.0,
    1.0,
    0.9259259259259259,
    1.0,
    0.9545454545454546,
    1.0,
    0.9583333333333334,
    0.9615384615384616,
    1.0,
    0.96
  ],
  "per_class_f1": [
    1.0,
    0.9803921568627451,
    0.9615384615384616,
    1.0,
    0.9545454545454546,
    1.0,
    0.92,
    0.9803921568627451,
    0.9787234042553191,
    0.9795918367346939
  ],
  "confusion_matrix": [
    [
      25,
      0,
      0,
      0,
      0,
      0,
      0,
      0,
      0,
      0
    ],
    [
      0,
      25,
      0,
      0,
      0,
      0,
      0,
      0,
      0,
      0
    ],
    [
      0,
      0,
      25,
      0,
      0,
      0,
      2,
      0,
      0,
      0
    ],
    [
      0,
      0,
      0,
      24,
      0,
      0,
      0,
      0,
      0,
      0
    ],
    [
      0,
      1,
      0,
      0,
      21,
      0,
      0,
      0,
      0,
      0
    ],
    [
      0,
      0,
      0,
      0,
      0,
      28,
      0,
      0,
      0,
      0
    ],
    [
      0,
      0,
      0,
      0,
      0,
      0,
      23,
      0,
      1,
      0
    ],
    [
      0,
      0,
      0,
      0,
      0,
      0,
      1,
      25,
      0,
      0
    ],
    [
      0,
      0,
      0,
      0,
      0,
      0,
      0,
      0,
      23,
      0
    ],
    [
      0,
      0,
      0,
      0,
      1,
      0,
      0,
      0,
      0,
      24
    ]
  ]
}