{
  "map50": 0.9857242573575438,
  "map50_95": 0.8132933667903108,
  "precision": 0.9722321269196789,
  "recall": 0.964583804627075,
  "f1": 0.0
}