{
  "accuracy": 0.9357429718875502,
  "precision_weighted": 0.9417520657342012,
  "recall_weighted": 0.9357429718875502,
  "f1_weighted": 0.9367125730152589,
  "precision_macro": 0.9416986863711001,
  "recall_macro": 0.9348011770837857,
  "f1_macro": 0.9361617711684156,
  "per_class_precision": [
    1.0,
    0.88,
    0.9310344827586207,
    0.9166666666666666,
    1.0,
    0.9642857142857143,
    0.7666666666666667,
    1.0,
    1.0,
    0.9583333333333334
  ],
  "per_class_recall": [
    1.0,
    0.88,
    1.0,
    0.9166666666666666,
    0.9545454545454546,
    0.9642857142857143,
    0.9583333333333334,
    0.8846153846153846,
    0.8695652173913043,
    0.92
  ],
  "per_class_f1": [
    1.0,
    0.88,
    0.9642857142857143,
    0.9166666666666666,
    0.9767441860465116,
    0.9642857142857143,
    0.8518518518518519,
    0.9387755102040817,
    0.9302325581395349,
    0.9387755102040817
  ],
  "confusion_matrix": [
    [
      25,
      0,
      0,
      0,
      0,
      0,
      0,
      0,
      0,
      0
    ],
    [
      0,
      22,
      1,
      1,
      0,
      1,
      0,
      0,
      0,
      0
    ],
    [
      0,
      0,
      27,
      0,
      0,
      0,
      0,
      0,
      0,
      0
    ],
    [
      0,
      2,
      0,
      22,
      0,
      0,
      0,
      0,
      0,
      0
    ],
    [
      0,
      0,
      0,
      0,
      21,
      0,
      1,
      0,
      0,
      0
    ],
    [
      0,
      1,
      0,
      0,
      0,
      27,
      0,
      0,
      0,
      0
    ],
    [
      0,
      0,
      0,
      0,
      0,
      0,
      23,
      0,
      0,
      1
    ],
    [
      0,
      0,
      0,
      1,
      0,
      0,
      2,
      23,
      0,
      0
    ],
    [
      0,
      0,
      0,
      0,
      0,
      0,
      3,
      0,
      20,
      0
    ],
    [
      0,
      0,
      1,
      0,
      0,
      0,
      1,
      0,
      0,
      23
    ]
  ]
}