{
  "accuracy": 0.9477911646586346,
  "precision_weighted": 0.9481208477803553,
  "recall_weighted": 0.9477911646586346,
  "f1_weighted": 0.9474333517679243,
  "precision_macro": 0.9477329192546584,
  "recall_macro": 0.9469726867335563,
  "f1_macro": 0.9468229152258651,
  "per_class_precision": [
    1.0,
    0.9583333333333334,
    0.9642857142857143,
    0.9166666666666666,
    0.9166666666666666,
    0.9333333333333333,
    0.9130434782608695,
    1.0,
    1.0,
    0.875
  ],
  "per_class_recall": [
    1.0,
    0.92,
    1.0,
    0.9166666666666666,
    1.0,
    1.0,
    0.875,
    0.9615384615384616,
    0.9565217391304348,
    0.84
  ],
  "per_class_f1": [
    1.0,
    0.9387755102040817,
    0.9818181818181818,
    0.9166666666666666,
    0.9565217391304348,
    0.9655172413793104,
    0.8936170212765957,
    0.9803921568627451,
    0.9777777777777777,
    0.8571428571428571
  ],
  "confusion_matrix": [
    [
      25,
      0,
      0,
      0,
      0,
      0,
      0,
      0,
      0,
      0
    ],
    [
      0,
      23,
      0,
      1,
      0,
      1,
      0,
      0,
      0,
      0
    ],
    [
      0,
      0,
      27,
      0,
      0,
      0,
      0,
      0,
      0,
      0
    ],
    [
      0,
      1,
      0,
      22,
      0,
      1,
      0,
      0,
      0,
      0
    ],
    [
      0,
      0,
      0,
      0,
      22,
      0,
      0,
      0,
      0,
      0
    ],
    [
      0,
      0,
      0,
      0,
      0,
      28,
      0,
      0,
      0,
      0
    ],
    [
      0,
      0,
      0,
      0,
      0,
      0,
      21,
      0,
      0,
      3
    ],
    [
      0,
      0,
      0,
      1,
      0,
      0,
      0,
      25,
      0,
      0
    ],
    [
      0,
      0,
      0,
      0,
      0,
      0,
      1,
      0,
      22,
      0
    ],
    [
      0,
      0,
      1,
      0,
      2,
      0,
      1,
      0,
      0,
      21
    ]
  ]
}