{
  "accuracy": 0.9518072289156626,
  "precision_weighted": 0.9535681875878043,
  "recall_weighted": 0.9518072289156626,
  "f1_weighted": 0.9520764004030328,
  "precision_macro": 0.9535605949938784,
  "recall_macro": 0.9512914533131923,
  "f1_macro": 0.9518015012046355,
  "per_class_precision": [
    1.0,
    0.96,
    1.0,
    0.9565217391304348,
    0.9545454545454546,
    0.9310344827586207,
    0.8846153846153846,
    0.96,
    1.0,
    0.8888888888888888
  ],
  "per_class_recall": [
    1.0,
    0.96,
    0.9629629629629629,
    0.9166666666666666,
    0.9545454545454546,
    0.9642857142857143,
    0.9583333333333334,
    0.9230769230769231,
    0.9130434782608695,
    0.96
  ],
  "per_class_f1": [
    1.0,
    0.96,
    0.9811320754716981,
    0.9361702127659575,
    0.9545454545454546,
    0.9473684210526315,
    0.92,
    0.9411764705882353,
    0.9545454545454546,
    0.9230769230769231
  ],
  "confusion_matrix": [
    [
      25,
      0,
      0,
      0,
      0,
      0,
      0,
      0,
      0,
      0
    ],
    [
      0,
      24,
      0,
      0,
      0,
      1,
      0,
      0,
      0,
      0
    ],
    [
      0,
      0,
      26,
      0,
      0,
      0,
      0,
      0,
      0,
      1
    ],
    [
      0,
      0,
      0,
      22,
      0,
      1,
      0,
      1,
      0,
      0
    ],
    [
      0,
      0,
      0,
      0,
      21,
      0,
      0,
      0,
      0,
      1
    ],
    [
      0,
      1,
      0,
      0,
      0,
      27,
      0,
      0,
      0,
      0
    ],
    [
      0,
      0,
      0,
      0,
      0,
      0,
      23,
      0,
      0,
      1
    ],
    [
      0,
      0,
      0,
      1,
      0,
      0,
      1,
      24,
      0,
      0
    ],
    [
      0,
      0,
      0,
      0,
      0,
      0,
      2,
      0,
      21,
      0
    ],
    [
      0,
      0,
      0,
      0,
      1,
      0,
      0,
      0,
      0,
      24
    ]
  ]
}