{
  "accuracy": 0.9678714859437751,
  "precision_weighted": 0.9703664901150496,
  "recall_weighted": 0.9678714859437751,
  "f1_weighted": 0.9680680530532852,
  "precision_macro": 0.9698228663446056,
  "recall_macro": 0.9679470457079151,
  "f1_macro": 0.9678478222873357,
  "per_class_precision": [
    1.0,
    1.0,
    1.0,
    1.0,
    0.9565217391304348,
    0.9333333333333333,
    0.8518518518518519,
    1.0,
    0.9565217391304348,
    1.0
  ],
  "per_class_recall": [
    1.0,
    0.92,
    1.0,
    1.0,
    1.0,
    1.0,
    0.9583333333333334,
    0.8846153846153846,
    0.9565217391304348,
    0.96
  ],
  "per_class_f1": [
    1.0,
    0.9583333333333334,
    1.0,
    1.0,
    0.9777777777777777,
    0.9655172413793104,
    0.9019607843137255,
    0.9387755102040817,
    0.9565217391304348,
    0.9795918367346939
  ],
  "confusion_matrix": [
    [
      25,
      0,
      0,
      0,
      0,
      0,
      0,
      0,
      0,
      0
    ],
    [
      0,
      23,
      0,
      0,
      0,
      2,
      0,
      0,
      0,
      0
    ],
    [
      0,
      0,
      27,
      0,
      0,
      0,
      0,
      0,
      0,
      0
    ],
    [
      0,
      0,
      0,
      24,
      0,
      0,
      0,
      0,
      0,
      0
    ],
    [
      0,
      0,
      0,
      0,
      22,
      0,
      0,
      0,
      0,
      0
    ],
    [
      0,
      0,
      0,
      0,
      0,
      28,
      0,
      0,
      0,
      0
    ],
    [
      0,
      0,
      0,
      0,
      0,
      0,
      23,
      0,
      1,
      0
    ],
    [
      0,
      0,
      0,
      0,
      0,
      0,
      3,
      23,
      0,
      0
    ],
    [
      0,
      0,
      0,
      0,
      0,
      0,
      1,
      0,
      22,
      0
    ],
    [
      0,
      0,
      0,
      0,
      1,
      0,
      0,
      0,
      0,
      24
    ]
  ]
}