{
  "accuracy": 0.9678714859437751,
  "precision_weighted": 0.9693322005972608,
  "recall_weighted": 0.9678714859437751,
  "f1_weighted": 0.9679453469843888,
  "precision_macro": 0.96839010989011,
  "recall_macro": 0.9682490842490843,
  "f1_macro": 0.96763307080464,
  "per_class_precision": [
    1.0,
    1.0,
    1.0,
    0.96,
    0.9166666666666666,
    0.9642857142857143,
    1.0,
    1.0,
    0.9583333333333334,
    0.8846153846153846
  ],
  "per_class_recall": [
    1.0,
    0.92,
    1.0,
    1.0,
    1.0,
    0.9642857142857143,
    0.9166666666666666,
    0.9615384615384616,
    1.0,
    0.92
  ],
  "per_class_f1": [
    1.0,
    0.9583333333333334,
    1.0,
    0.9795918367346939,
    0.9565217391304348,
    0.9642857142857143,
    0.9565217391304348,
    0.9803921568627451,
    0.9787234042553191,
    0.9019607843137255
  ],
  "confusion_matrix": [
    [
      25,
      0,
      0,
      0,
      0,
      0,
      0,
      0,
      0,
      0
    ],
    [
      0,
      23,
      0,
      0,
      0,
      1,
      0,
      0,
      0,
      1
    ],
    [
      0,
      0,
      27,
      0,
      0,
      0,
      0,
      0,
      0,
      0
    ],
    [
      0,
      0,
      0,
      24,
      0,
      0,
      0,
      0,
      0,
      0
    ],
    [
      0,
      0,
      0,
      0,
      22,
      0,
      0,
      0,
      0,
      0
    ],
    [
      0,
      0,
      0,
      0,
      0,
      27,
      0,
      0,
      0,
      1
    ],
    [
      0,
      0,
      0,
      0,
      0,
      0,
      22,
      0,
      1,
      1
    ],
    [
      0,
      0,
      0,
      1,
      0,
      0,
      0,
      25,
      0,
      0
    ],
    [
      0,
      0,
      0,
      0,
      0,
      0,
      0,
      0,
      23,
      0
    ],
    [
      0,
      0,
      0,
      0,
      2,
      0,
      0,
      0,
      0,
      23
    ]
  ]
}